{
  "IDRest_0": {
    "holding": {
      "delay": 0.0,
      "amp": -0.0579833984375,
      "duration": 1238.6929547718191,
      "totduration": 1238.6929547718191
    },
    "step": {
      "delay": 16.674066696266785,
      "amp": 0.0048828125,
      "thresh_perc": 8.138020833333334,
      "duration": 833.3553334213336,
      "totduration": 1238.6929547718191
    }
  },
  "IDRest_50": {
    "holding": {
      "delay": 0.0,
      "amp": -0.0579833984375,
      "duration": 1238.6929547718191,
      "totduration": 1238.6929547718191
    },
    "step": {
      "delay": 31.356125424501695,
      "amp": 0.029907226562499997,
      "thresh_perc": 49.845377604166664,
      "duration": 432.03372813491256,
      "totduration": 1238.6929547718191
    }
  },
  "IDRest_100": {
    "holding": {
      "delay": 0.0,
      "amp": -0.0579833984375,
      "duration": 1238.6929547718191,
      "totduration": 1238.6929547718191
    },
    "step": {
      "delay": 31.356125424501695,
      "amp": 0.06022135416666668,
      "thresh_perc": 100.36892361111113,
      "duration": 432.0457281829128,
      "totduration": 1238.6929547718191
    }
  },
  "IDRest_150": {
    "holding": {
      "delay": 0.0,
      "amp": -0.0579833984375,
      "duration": 1238.6929547718191,
      "totduration": 1238.6929547718191
    },
    "step": {
      "delay": 31.356125424501695,
      "amp": 0.09033203124999999,
      "thresh_perc": 150.55338541666666,
      "duration": 432.05372821491295,
      "totduration": 1238.6929547718191
    }
  },
  "IDRest_200": {
    "holding": {
      "delay": 0.0,
      "amp": -0.0579833984375,
      "duration": 1238.6929547718191,
      "totduration": 1238.6929547718191
    },
    "step": {
      "delay": 31.356125424501695,
      "amp": 0.12044270833333336,
      "thresh_perc": 200.73784722222226,
      "duration": 432.05772823091297,
      "totduration": 1238.6929547718191
    }
  },
  "IDRest_250": {
    "holding": {
      "delay": 0.0,
      "amp": -0.0579833984375,
      "duration": 1238.6929547718191,
      "totduration": 1238.6929547718191
    },
    "step": {
      "delay": 31.356125424501695,
      "amp": 0.15075683593749997,
      "thresh_perc": 251.26139322916666,
      "duration": 432.061728246913,
      "totduration": 1238.6929547718191
    }
  }
}