{
  "IDRest_50": {
    "holding": {
      "delay": 0.0,
      "amp": -0.09146554235901151,
      "duration": 1238.6929547718191,
      "totduration": 1238.6929547718191
    },
    "step": {
      "delay": 31.356125424501688,
      "amp": 0.035138812182205055,
      "thresh_perc": 50.198303117435785,
      "duration": 432.0368710046269,
      "totduration": 1238.6929547718191
    }
  },
  "IDRest_75": {
    "holding": {
      "delay": 0.0,
      "amp": -0.09146554235901151,
      "duration": 1238.6929547718187,
      "totduration": 1238.6929547718187
    },
    "step": {
      "delay": 31.35612542450169,
      "amp": 0.05022321517268816,
      "thresh_perc": 71.74745024669737,
      "duration": 432.04058530519853,
      "totduration": 1238.6929547718187
    }
  },
  "IDRest_100": {
    "holding": {
      "delay": 0.0,
      "amp": -0.09140741363877342,
      "duration": 1238.6929547718187,
      "totduration": 1238.6929547718187
    },
    "step": {
      "delay": 31.35612542450169,
      "amp": 0.07027762383222579,
      "thresh_perc": 100.39660547460826,
      "duration": 432.0474424754843,
      "totduration": 1238.6929547718187
    }
  },
  "IDRest_125": {
    "holding": {
      "delay": 0.0,
      "amp": -0.09137834927865437,
      "duration": 1238.6929547718187,
      "totduration": 1238.6929547718187
    },
    "step": {
      "delay": 31.35612542450169,
      "amp": 0.09033203231436865,
      "thresh_perc": 129.04576044909805,
      "duration": 432.05029962977005,
      "totduration": 1238.6929547718187
    }
  },
  "IDRest_150": {
    "holding": {
      "delay": 0.0,
      "amp": -0.09142194581883294,
      "duration": 1238.6929547718191,
      "totduration": 1238.6929547718191
    },
    "step": {
      "delay": 31.356125424501688,
      "amp": 0.10546003175633294,
      "thresh_perc": 150.65718822333275,
      "duration": 432.0540139303414,
      "totduration": 1238.6929547718191
    }
  },
  "IDRest_200": {
    "holding": {
      "delay": 0.0,
      "amp": -0.09140741363877342,
      "duration": 1238.6929547718187,
      "totduration": 1238.6929547718187
    },
    "step": {
      "delay": 31.35612542450169,
      "amp": 0.14072963311558678,
      "thresh_perc": 201.0423330222668,
      "duration": 432.0588710926273,
      "totduration": 1238.6929547718187
    }
  },
  "IDRest_250": {
    "holding": {
      "delay": 0.0,
      "amp": -0.08941650530323386,
      "duration": 1238.6929547718191,
      "totduration": 1238.6929547718191
    },
    "step": {
      "delay": 31.356125424501695,
      "amp": 0.17387390229851007,
      "thresh_perc": 248.3912889978715,
      "duration": 432.06022824091303,
      "totduration": 1238.6929547718191
    }
  }
}
