{
  "IDRest_0": {
    "holding": {
      "delay": 0.0,
      "amp": -0.06824840334328738,
      "duration": 1238.6929547718191,
      "totduration": 1238.6929547718191
    },
    "step": {
      "delay": 15.339334084609066,
      "amp": 0.004288314805402385,
      "thresh_perc": 7.147191342337308,
      "duration": 869.8409339091902,
      "totduration": 1238.6929547718191
    }
  },
  "IDRest_100": {
    "holding": {
      "delay": 0.0,
      "amp": -0.06938934465870261,
      "duration": 1238.6929547718191,
      "totduration": 1238.6929547718191
    },
    "step": {
      "delay": 31.356125424501695,
      "amp": 0.06033488802079644,
      "thresh_perc": 100.55814670132739,
      "duration": 432.0459781839128,
      "totduration": 1238.6929547718191
    }
  },
  "IDRest_200": {
    "holding": {
      "delay": 0.0,
      "amp": -0.06931305071339011,
      "duration": 1238.6929547718191,
      "totduration": 1238.6929547718191
    },
    "step": {
      "delay": 31.356125424501695,
      "amp": 0.12053626043988126,
      "thresh_perc": 200.8937673998021,
      "duration": 432.05647822591294,
      "totduration": 1238.6929547718191
    }
  },
  "IDRest_300": {
    "holding": {
      "delay": 0.0,
      "amp": -0.06931305071339011,
      "duration": 1238.6929547718191,
      "totduration": 1238.6929547718191
    },
    "step": {
      "delay": 31.356125424501695,
      "amp": 0.18074853199401072,
      "thresh_perc": 301.2475533233512,
      "duration": 432.06397825591307,
      "totduration": 1238.6929547718191
    }
  }
}