{
  "IDRest_0": {
    "holding": {
      "delay": 0.0,
      "amp": 0,
      "duration": 1238.6929547718191,
      "totduration": 1238.6929547718191
    },
    "step": {
      "delay": 160.674066696266785,
      "amp": 0.0048828125,
      "thresh_perc": 8.138020833333334,
      "duration": 833.3553334213336,
      "totduration": 1238.6929547718191
    }
  },
  "IDRest_50": {
    "holding": {
      "delay": 0.0,
      "amp": 0,
      "duration": 1238.6929547718191,
      "totduration": 1238.6929547718191
    },
    "step": {
      "delay": 310.356125424501695,
      "amp": 0.029907226562499997,
      "thresh_perc": 49.845377604166664,
      "duration": 432.03372813491256,
      "totduration": 1238.6929547718191
    }
  },
  "IDRest_100": {
    "holding": {
      "delay": 0.0,
      "amp": 0,
      "duration": 1238.6929547718191,
      "totduration": 1238.6929547718191
    },
    "step": {
      "delay": 310.356125424501695,
      "amp": 0.06022135416666668,
      "thresh_perc": 100.36892361111113,
      "duration": 432.0457281829128,
      "totduration": 1238.6929547718191
    }
  },
  "IDRest_150": {
    "holding": {
      "delay": 0.0,
      "amp": 0,
      "duration": 1238.6929547718191,
      "totduration": 1238.6929547718191
    },
    "step": {
      "delay": 310.356125424501695,
      "amp": 0.09033203124999999,
      "thresh_perc": 150.55338541666666,
      "duration": 432.05372821491295,
      "totduration": 1238.6929547718191
    }
  }
}